date,channel,amount
2026-07-21,Meta Ads,
2026-07-21,Google Ads,
2026-07-21,Microsoft Ads,
2026-07-21,TikTok Ads,
2026-07-21,Pinterest Ads,
2026-07-21,Snapchat Ads,
2026-07-21,Reddit Ads,
2026-07-21,X Ads,
2026-07-21,LinkedIn Ads,
2026-07-21,Amazon Ads,
2026-07-21,Apple Search Ads,
2026-07-21,Affiliate Ads,
2026-07-21,Email Cost,
2026-07-21,Other,
2026-07-22,Meta Ads,
2026-07-22,Google Ads,
2026-07-22,Microsoft Ads,
2026-07-22,TikTok Ads,
2026-07-22,Pinterest Ads,
2026-07-22,Snapchat Ads,
2026-07-22,Reddit Ads,
2026-07-22,X Ads,
2026-07-22,LinkedIn Ads,
2026-07-22,Amazon Ads,
2026-07-22,Apple Search Ads,
2026-07-22,Affiliate Ads,
2026-07-22,Email Cost,
2026-07-22,Other,
2026-07-23,Meta Ads,
2026-07-23,Google Ads,
2026-07-23,Microsoft Ads,
2026-07-23,TikTok Ads,
2026-07-23,Pinterest Ads,
2026-07-23,Snapchat Ads,
2026-07-23,Reddit Ads,
2026-07-23,X Ads,
2026-07-23,LinkedIn Ads,
2026-07-23,Amazon Ads,
2026-07-23,Apple Search Ads,
2026-07-23,Affiliate Ads,
2026-07-23,Email Cost,
2026-07-23,Other,
2026-07-24,Meta Ads,
2026-07-24,Google Ads,
2026-07-24,Microsoft Ads,
2026-07-24,TikTok Ads,
2026-07-24,Pinterest Ads,
2026-07-24,Snapchat Ads,
2026-07-24,Reddit Ads,
2026-07-24,X Ads,
2026-07-24,LinkedIn Ads,
2026-07-24,Amazon Ads,
2026-07-24,Apple Search Ads,
2026-07-24,Affiliate Ads,
2026-07-24,Email Cost,
2026-07-24,Other,
2026-07-25,Meta Ads,
2026-07-25,Google Ads,
2026-07-25,Microsoft Ads,
2026-07-25,TikTok Ads,
2026-07-25,Pinterest Ads,
2026-07-25,Snapchat Ads,
2026-07-25,Reddit Ads,
2026-07-25,X Ads,
2026-07-25,LinkedIn Ads,
2026-07-25,Amazon Ads,
2026-07-25,Apple Search Ads,
2026-07-25,Affiliate Ads,
2026-07-25,Email Cost,
2026-07-25,Other,
2026-07-26,Meta Ads,
2026-07-26,Google Ads,
2026-07-26,Microsoft Ads,
2026-07-26,TikTok Ads,
2026-07-26,Pinterest Ads,
2026-07-26,Snapchat Ads,
2026-07-26,Reddit Ads,
2026-07-26,X Ads,
2026-07-26,LinkedIn Ads,
2026-07-26,Amazon Ads,
2026-07-26,Apple Search Ads,
2026-07-26,Affiliate Ads,
2026-07-26,Email Cost,
2026-07-26,Other,
2026-07-27,Meta Ads,
2026-07-27,Google Ads,
2026-07-27,Microsoft Ads,
2026-07-27,TikTok Ads,
2026-07-27,Pinterest Ads,
2026-07-27,Snapchat Ads,
2026-07-27,Reddit Ads,
2026-07-27,X Ads,
2026-07-27,LinkedIn Ads,
2026-07-27,Amazon Ads,
2026-07-27,Apple Search Ads,
2026-07-27,Affiliate Ads,
2026-07-27,Email Cost,
2026-07-27,Other,
